train_accuracy,train_accuracy_std,test_accuracy,test_accuracy_std,train_f1,train_f1_std,test_f1,test_f1_std,train_time,train_time_std,model,dataset,n_seeds
0.9733333333333333,0.006236095644623214,0.9666666666666666,0.036514837167011066,0.9733234320442307,0.006244593040289949,0.9663780081063699,0.036984065908738845,33.1829216003418,1.3767218850349923,QSVC-Angle,Iris,10
0.9958333333333333,0.006718548123582142,0.9266666666666667,0.038873012632301994,0.9958110441936039,0.006759874655245948,0.926344902660692,0.03939708508086031,61.298595905303955,0.4957619632564484,QSVC-ZZ,Iris,10
0.9859154929577464,0.004453912197420247,0.9694444444444443,0.026205503144601686,0.9862303990127096,0.004247310380696829,0.971422463371489,0.024250548541877744,46.06255490779877,0.1970580900336556,QSVC-Angle,Wine,10
0.9845070422535211,0.007584739164978165,0.861111111111111,0.07136240321480626,0.9848523724633045,0.007425587839067839,0.8611736186268197,0.07412978139960723,84.6548086643219,2.1055419292012094,QSVC-ZZ,Wine,10
0.963076923076923,0.003230096364109674,0.9543859649122807,0.013475694294506332,0.9601631928543037,0.003505704801366009,0.9503732742068818,0.014678551090443769,502.2233835697174,12.816904213067145,QSVC-Angle,Breast Cancer,10
0.96,0.00827028031746232,0.9026315789473685,0.03173693423706237,0.9571920008861626,0.008824047572219123,0.8934284898196572,0.03688147533138625,697.4613267183304,94.84331971204624,QSVC-ZZ,Breast Cancer,10
