train_accuracy,train_accuracy_std,test_accuracy,test_accuracy_std,train_f1,train_f1_std,test_f1,test_f1_std,train_time,train_time_std,model,dataset,maxiter,n_seeds,n_actual_iters
0.6466666666666666,0.015000000000000003,0.6433333333333333,0.026034165586355507,0.5359387660078461,0.013179052206511228,0.5330820520475692,0.0246141563951309,53.60344276428223,8.104910368539299,VQC-maxiter200,Iris,200,10,79.2
0.655,0.010671873729054732,0.6466666666666665,0.026666666666666658,0.5437583069686074,0.01015593513855413,0.5373829752525379,0.022990308577591427,51.44837272167206,7.729849496252299,VQC-maxiter500,Iris,500,10,78.3
0.6475000000000001,0.016687486995417326,0.6199999999999999,0.039999999999999994,0.5375853594926354,0.012958067994665515,0.5148664630193813,0.03575858760062466,48.36043627262116,4.428525964053366,VQC-maxiter1000,Iris,1000,10,74.2
0.8753846153846154,0.009880337051863308,0.8789473684210526,0.017455919949238938,0.8570115653448074,0.012272409560662507,0.8610828788095226,0.020995046469848608,217.0182073831558,28.729773323809738,VQC-maxiter200,Breast Cancer,200,10,85.9
0.8764835164835165,0.011369245851760487,0.8728070175438596,0.024888177121247565,0.8589646208593648,0.014152349771513221,0.8544781721146084,0.029739276130863124,209.25569438934326,23.575659207734205,VQC-maxiter500,Breast Cancer,500,10,80.9
0.8696703296703298,0.017362637362637347,0.868421052631579,0.033746287827493594,0.8500285180584658,0.02135416037711096,0.8447910831792733,0.04849314650598768,217.46780660152436,31.268499782213567,VQC-maxiter1000,Breast Cancer,1000,10,82.7
