train_accuracy,train_accuracy_std,test_accuracy,test_accuracy_std,train_f1,train_f1_std,test_f1,test_f1_std,train_time,train_time_std,model,dataset,reps,n_seeds
0.64,0.013844373104863476,0.6266666666666667,0.038873012632301994,0.5304253688446725,0.011621712862943733,0.5174232268185291,0.035400316224650626,35.22550809383392,4.606083345065564,VQC-reps1,Iris,1,10
0.6566666666666666,0.012801909579780989,0.6533333333333332,0.022110831935702662,0.5462993462976435,0.012165500525792839,0.5431109120764293,0.02061094527310014,64.98096811771393,13.880397822332801,VQC-reps2,Iris,2,10
0.6641666666666667,0.003818813079129853,0.6633333333333333,0.009999999999999998,0.5529435888820323,0.0033277413490544376,0.5530843237125069,0.0074136955291454155,85.78648617267609,11.86146768107098,VQC-reps3,Iris,3,10
0.6658333333333333,0.0024999999999999914,0.6666666666666667,1.1102230246251565e-16,0.5545135996023698,0.002117992415366428,0.5539135194307607,0.0032840722495894427,108.26419534683228,4.3198764470003725,VQC-reps4,Iris,4,10
0.8797802197802198,0.011337336594750693,0.8692982456140351,0.02585860170698889,0.8621149473829302,0.015204698082477085,0.8487676880250415,0.03186622511734999,140.29443235397338,12.257417790198796,VQC-reps1,Breast Cancer,1,10
0.864835164835165,0.02726072198103312,0.8526315789473683,0.031087798502928688,0.8437988745318226,0.03494234269564951,0.8263536108536245,0.040560545798077864,229.6020290851593,29.397716908713925,VQC-reps2,Breast Cancer,2,10
0.8569230769230769,0.021943929601855972,0.8614035087719298,0.03591138507098022,0.8305964155171057,0.02990567036916757,0.8341809521267853,0.04838214011738847,321.79423410892485,40.51373708793374,VQC-reps3,Breast Cancer,3,10
0.8802197802197803,0.014183914549681383,0.8780701754385964,0.01979037574154118,0.8616938697442704,0.01804664714507386,0.8574434163277045,0.02529196175869674,410.01473519802096,15.404360108556569,VQC-reps4,Breast Cancer,4,10
