train_accuracy,train_accuracy_std,test_accuracy,test_accuracy_std,train_f1,train_f1_std,test_f1,test_f1_std,train_time,train_time_std,model,dataset,optimizer,n_seeds
0.6450000000000001,0.013017082793177745,0.6299999999999999,0.03785938897200181,0.5338934044210447,0.011703521361021405,0.5219623486556234,0.03393503636024576,36.44244663715362,3.425997076397905,VQC-COBYLA,Iris,cobyla,10
0.6449999999999999,0.010671873729054754,0.6166666666666667,0.03726779962499649,0.5346555862447151,0.009086031474284542,0.5110545329320916,0.03369031217376581,212.94064841270446,1.5413546038825936,VQC-SPSA,Iris,spsa,10
0.845934065934066,0.09129454462097406,0.843859649122807,0.08610800836356511,0.8128580295856868,0.1345191060050276,0.8084614439262963,0.13103481745493795,157.9727027654648,20.24184175460519,VQC-COBYLA,Breast Cancer,cobyla,10
0.8670329670329672,0.02250467890005629,0.868421052631579,0.023862228962693754,0.8448701347324615,0.03045333435246807,0.8467744000063065,0.02922224065513601,769.9220633268357,15.102121920572769,VQC-SPSA,Breast Cancer,spsa,10
